<?xml version="1.0"?>
<!--
Licensed to the Apache Software Foundation (ASF) under one or more
contributor license agreements.  See the NOTICE file distributed with
this work for additional information regarding copyright ownership.
The ASF licenses this file to You under the Apache License, Version 2.0
(the "License"); you may not use this file except in compliance with
the License.  You may obtain a copy of the License at

     http://www.apache.org/licenses/LICENSE-2.0

Unless required by applicable law or agreed to in writing, software
distributed under the License is distributed on an "AS IS" BASIS,
WITHOUT WARRANTIES OR CONDITIONS OF ANY KIND, either express or implied.
See the License for the specific language governing permissions and
limitations under the License.
-->
<document>
 <properties>
  <title>What's new in Commons Lang 2.4?</title>
  <author email="dev@commons.apache.org">Commons Documentation Team</author>
 </properties>
<body>

<section name="What's new in Commons Lang 2.4?">
<p>Commons Lang 2.4 is out, and the obvious question is: <em>"So what? What's changed?"</em>.</p>
<p>This article aims to briefly cover the changes and save you from having to dig through each JIRA
issue to see what went on in the year of development between Lang 2.3 and 2.4.</p>
<section name="Deprecations">
<p>First, let us start with a couple of deprecations. As you can see in the release notes, we chose
to deprecate the <a href="https://commons.apache.org/lang/api-release/org/apache/commons/lang/ObjectUtils.html#appendIdentityToString(java.lang.StringBuffer,%20java.lang.Object)"><code>ObjectUtils.appendIdentityToString(StringBuffer, Object)</code></a> method as its
null handling did not match its design (see <a href="https://issues.apache.org/jira/browse/LANG-360">LANG-360</a>
for more details. Instead users should use <code>ObjectUtils.identityToString(StringBuffer, Object)</code>.</p>

<p>We also deprecated <a href="https://commons.apache.org/lang/api-release/org/apache/commons/lang/time/DateUtils.html#add(java.util.Date,%20int,%20int)"><code>DateUtils.add(java.util.Date, int, int)</code></a>. It should have been <code>private</code>
from the beginning; please let us know if you actually use it.</p>
</section>
<section name="The build">
<p>Before we move on, a quick note on the build: we built 2.4 using Maven 2 and Java 1.4. We also tested that the Ant build passed the tests
successfully under Java 1.3, and that the classes compiled under Java 1.2. As it's been so long, we stopped building a Java 1.1-compatible jar. <strong>Most importantly</strong>, it <em>should</em> be a drop in replacement for Lang 2.3, but we recommend testing first, of course. Also, for those of you who work within an OSGi framework, the jar should be ready for OSGi. Now... time to move on.
</p>
</section>
<section name="New classes">
<p>Three new classes were added, so let's cover those next.</p>
<p>Firstly, we added an <a href="https://commons.apache.org/lang/api-release/org/apache/commons/lang/math/IEEE754rUtils.html"><code>IEEE754rUtils</code></a>
class to the <code>org.apache.commons.lang.math</code> package.
This candidate for ugly name of the month was needed to add <a href="http://en.wikipedia.org/wiki/IEEE_754r#min_and_max">IEEE-754r</a>
semantics for some of the <code>NumberUtils</code> methods. The relevant part of that
IEEE specification in this case is the NaN handling for <code>min</code> and <code>max</code> methods, and
you can read more about it in <a href="https://issues.apache.org/jira/browse/LANG-381">LANG-381</a>.
</p>
<p>Second and third on our newcomers list are the <a href="https://commons.apache.org/lang/api-release/org/apache/commons/lang/text/ExtendedMessageFormat.html"><code>ExtendedMessageFormat</code></a> class and its peer
<a href="https://commons.apache.org/lang/api-release/org/apache/commons/lang/text/FormatFactory.html"><code>FormatFactory</code></a>
interface, both found in the <code>org.apache.commons.lang.text</code> package.</p>
<p>Together they allow you to take the <code>java.text.MessageFormat</code> class further and insert your own formatting elements.</p>
<p>
By way of an example, imagine that we have a need for custom formatting of a employee identification
number or EIN. Perhaps, simplistically, our EIN is composed of a two-character department code
followed by a four-digit number, and that it is customary within our organization to render the EIN
with a hyphen following the department identifier. Here we'll represent the EIN as a simple
String (of course in real life we would likely create a class composed of department and number).
We can create a custom <code>Format</code> class:
<pre><code>
public class EINFormat extends Format {
  private char[] idMask;

  public EINFormat() {
  }
  public EINFormat(char maskChar) {
    idMask = new char[4];
    Arrays.fill(idMask, maskChar);
  }
  public StringBuffer format(Object obj, StringBuffer toAppendTo, FieldPosition pos) {
    String ein = (String) obj; //assume or assert length &gt;= 2
    if (idMask == null) {
      return new StringBuffer(ein).insert(2, '-').toString();
    }
    return new StringBuffer(ein.substring(0, 2)).append('-').append(idMask).toString();
  }
  public Object parseObject(String source, ParsePosition pos) {
    int idx = pos.getIndex();
    int endIdx = idx + 7;
    if (source == null || source.length() &lt; endIdx) {
      pos.setErrorIndex(idx);
      return null;
    }
    if (source.charAt(idx + 2) != '-') {
      pos.setErrorIndex(idx);
      return null;
    }
    pos.setIndex(endIdx);
    return source.substring(idx, endIdx).deleteCharAt(2);
  }
}
</code></pre>
Our custom EIN format is made available for <code>MessageFormat</code>-style processing by a
<code>FormatFactory</code> implementation:
<pre><code>
public class EINFormatFactory implements FormatFactory {
  public static final String EIN_FORMAT = "ein";
  public Format getFormat(String name, String arguments, Locale locale) {
    if (EIN_FORMAT.equals(name)) {
      if (arguments == null || "".equals(arguments)) {
        return new EINFormat();
      }
      return new EINFormat(arguments.charAt(0));
    }
    return null;
  }
}
</code></pre>

Now you simply provide a <code>java.util.Map&lt;String, FormatFactory&gt;</code> registry (keyed
by format type) to <code>ExtendedMessageFormat</code>:
<pre><code>
new ExtendedMessageFormat("EIN: {0,ein}", Collections.singletonMap(EINFormatFactory.EIN_FORMAT, new EINFormatFactory()));
</code></pre>
As expected, this will render a String EIN "AA9999" as: <code>"EIN: AA-9999"</code>.
<br /> <br />
If we wanted to trigger the EIN masking code, we could trigger that in the format pattern:
<pre><code>
new ExtendedMessageFormat("EIN: {0,ein,#}", Collections.singletonMap(EINFormatFactory.EIN_FORMAT, new EINFormatFactory()));
</code></pre>
This should render "AA9999" as: <code>"EIN: AA-####"</code>.
<br /> <br />
You can also use <code>ExtendedMessageFormat</code> to override any or all of the built-in
formats supported by <code>java.text.MessageFormat</code>. Finally, note that because
<code>ExtendedMessageFormat</code> extends <code>MessageFormat</code> it should work in most
cases as a <em>true</em> drop-in replacement.
</p>
</section>
<section name="New methods">
<p>There were 58 new methods added to existing Commons Lang classes. Going through each one, one at a time would be dull,
and fortunately there are some nice groupings that we can discuss instead:</p>
<p>CharSet <a href="https://commons.apache.org/lang/api-release/org/apache/commons/lang/CharSet.html#getInstance(java.lang.String[])">getInstance(String[])</a> adds an additional builder method by which you can build a CharSet from multiple sets of characters at the same time. If you weren't aware of the CharSet class, it holds a set of characters created by a simple pattern language allowing constructs such as <code>"a-z"</code> and <code>"^a"</code> (everything but 'a'). It's most used by the CharSetUtils class, and came out of CharSetUtils.translate, a simple variant of the UNIX tr command.</p>
<p>ClassUtils <a href="https://commons.apache.org/lang/api-release/org/apache/commons/lang/ClassUtils.html">canonical name</a> methods are akin to the non '<code>Canonical</code>' methods, except they work with the more human readable <code>int[]</code> type names rather than the JVM versions of <code>[I</code>. This makes them useful for parsing input from developer's configuration files. </p>
<p>ClassUtils <a href="https://commons.apache.org/lang/api-release/org/apache/commons/lang/ClassUtils.html#toClass(java.lang.Object[])">toClass(String[])</a> is very easy to explain - it calls <code>toClass</code> on each <code>Object</code> in the array and returns an array of <code>Class</code> objects.</p>
<p>ClassUtils <a href="https://commons.apache.org/lang/api-release/org/apache/commons/lang/ClassUtils.html#wrappersToPrimitives(java.lang.Class[])">wrapper-&gt;primitive</a> conversions are the reflection of the pre-existing <code>primitiveToWrapper</code> methods. Again easy to explain, they turn an array of <code>Integer</code> into an array of <code>int[]</code>.</p>
<p>ObjectUtils <a href="https://commons.apache.org/lang/api-release/org/apache/commons/lang/ObjectUtils.html#identityToString(java.lang.StringBuffer,%20java.lang.Object)">identityToString(StringBuffer, Object)</a> is the StringBuffer variant of the pre-existing <code>identityToString</code> method. In case you've not met that before, it produces the toString that would have been produced by an Object if it hadn't been overridden.</p>
<p>StringEscapeUtils <a href="https://commons.apache.org/lang/api-release/org/apache/commons/lang/StringEscapeUtils.html#escapeCsv(java.lang.String)">CSV methods</a> are a new addition to our range of simple parser/printers. These, quite as expected, parse and unparse CSV text as per <a href="http://tools.ietf.org/html/rfc4180">RFC-4180</a>.</p>
<p>StringUtils has a host of new methods, as always, and we'll leave these for later.</p>
<p>WordUtils <a href="https://commons.apache.org/lang/api-release/org/apache/commons/lang/WordUtils.html#abbreviate(java.lang.String,%20int,%20int,%20java.lang.String)">abbreviate</a> finds the first space after the lower limit and abbreviates the text.</p>
<p>math.<a href="https://commons.apache.org/lang/api-release/org/apache/commons/lang/math/IntRange.html#toArray()">IntRange</a>/<a href="https://commons.apache.org/lang/api-release/org/apache/commons/lang/math/LongRange.html#toArray()">LongRange.toArray</a> turn the range into an array of primitive <code>int</code>/<code>long</code>s contained in the range.</p>
<p>text.StrMatch.<a href="https://commons.apache.org/lang/api-release/org/apache/commons/lang/text/StrMatcher.html#isMatch(char[],%20int)">isMatch(char[], int)</a> is a helper method for checking whether there was a match with the StrMatcher objects.</p>
<p>time.DateFormatUtils <a href="https://commons.apache.org/lang/api-release/org/apache/commons/lang/time/DateFormatUtils.html">format(Calendar, ...)</a> provide Calendar variants for the pre-existing format methods. If these are new to you, they are helper methods to formatting a date.</p>
<p>time.DateUtils <a href="https://commons.apache.org/lang/api-release/org/apache/commons/lang/time/DateUtils.html">getFragment*</a> methods are used to splice the time element out of Date. If you have <code>2008/12/13 14:57</code>, then these could, for example, pull out the 13.</p>
<p>time.DateUtils <a href="https://commons.apache.org/lang/api-release/org/apache/commons/lang/time/DateUtils.html">setXxx methods</a> round off our walk through the methods - the setXxx variant of the existing addXxx helper methods.</p>
</section>

<section name="StringUtils methods">
<p>The <code>StringUtils</code> class is a little large, isn't it? Sorry, but it's gotten bigger.
</p>
<ul>
  <li><a href="https://commons.apache.org/lang/api-release/org/apache/commons/lang/StringUtils.html#containsOnly(java.lang.String,%20char[])">boolean containsAny(String, char[])</a></li>
  <li><a href="https://commons.apache.org/lang/api-release/org/apache/commons/lang/StringUtils.html#containsOnly(java.lang.String,%20java.lang.String)">boolean containsAny(String, String)</a></li>
  <li><a href="https://commons.apache.org/lang/api-release/org/apache/commons/lang/StringUtils.html#endsWith(java.lang.String,%20java.lang.String)">boolean endsWith(String, String)</a></li>
  <li><a href="https://commons.apache.org/lang/api-release/org/apache/commons/lang/StringUtils.html#endsWithIgnoreCase(java.lang.String,%20java.lang.String)">boolean endsWithIgnoreCase(String, String)</a></li>
  <li><a href="https://commons.apache.org/lang/api-release/org/apache/commons/lang/StringUtils.html#getCommonPrefix(java.lang.String[])">String getCommonPrefix(String[])</a></li>
  <li><a href="https://commons.apache.org/lang/api-release/org/apache/commons/lang/StringUtils.html#indexOfDifference(java.lang.String[])">int indexOfDifference(String[])</a></li>
  <li><a href="https://commons.apache.org/lang/api-release/org/apache/commons/lang/StringUtils.html#length(java.lang.String)">int length(String)</a></li>
  <li><a href="https://commons.apache.org/lang/api-release/org/apache/commons/lang/StringUtils.html#removeEndIgnoreCase(java.lang.String,%20java.lang.String)">String removeEndIgnoreCase(String, String)</a></li>
  <li><a href="https://commons.apache.org/lang/api-release/org/apache/commons/lang/StringUtils.html#removeStartIgnoreCase(java.lang.String,%20java.lang.String)">String removeStartIgnoreCase(String, String)</a></li>
  <li><a href="https://commons.apache.org/lang/api-release/org/apache/commons/lang/StringUtils.html#replaceEach(java.lang.String,%20java.lang.String[],%20java.lang.String[])">String replaceEach(String, String[], String[])</a></li>
  <li><a href="https://commons.apache.org/lang/api-release/org/apache/commons/lang/StringUtils.html#replaceEachRepeatedly(java.lang.String,%20java.lang.String[],%20java.lang.String[])">String replaceEachRepeatedly(String, String[], String[])</a></li>
  <li><a href="https://commons.apache.org/lang/api-release/org/apache/commons/lang/StringUtils.html#splitByCharacterType(java.lang.String)">String[] splitByCharacterType(String)</a></li>
  <li><a href="https://commons.apache.org/lang/api-release/org/apache/commons/lang/StringUtils.html#splitByCharacterTypeCamelCase(java.lang.String)">String[] splitByCharacterTypeCamelCase(String)</a></li>
  <li><a href="https://commons.apache.org/lang/api-release/org/apache/commons/lang/StringUtils.html#splitByWholeSeparatorPreserveAllTokens(java.lang.String,%20java.lang.String)">String[] splitByWholeSeparatorPreserveAllTokens(String, String)</a></li>
  <li><a href="https://commons.apache.org/lang/api-release/org/apache/commons/lang/StringUtils.html#splitByWholeSeparatorPreserveAllTokens(java.lang.String,%20java.lang.String,%20int)">String[] splitByWholeSeparatorPreserveAllTokens(String, String, int)</a></li>
  <li><a href="https://commons.apache.org/lang/api-release/org/apache/commons/lang/StringUtils.html#startsWith(java.lang.String,%20java.lang.String)">boolean startsWith(String, String)</a></li>
  <li><a href="https://commons.apache.org/lang/api-release/org/apache/commons/lang/StringUtils.html#startsWithIgnoreCase(java.lang.String,%20java.lang.String)">boolean startsWithIgnoreCase(String, String)</a></li>
</ul>

<p>Hopefully they are in many cases self-describing. Rather than spend a lot of time describing them, we'll let you read the Javadoc of the ones that interest you.</p>

</section>

<section name="What's fixed in Lang 2.4?">
<p>In addition to new things, there are the bugfixes. As you can tell from the release notes, there are a good few - 24 in fact according to JIRA. Here are some of the interesting ones: </p>
<ul>
<li><a href="https://issues.apache.org/jira/browse/LANG-393">LANG-393</a> - We fixed EqualsBuilder so that it understands that BigDecimals are equal even when they think they're not. It seems very likely that usually you will want "29.0" and "29.00" to be equal, even if BigDecimal disagrees. </li>
<li><a href="https://issues.apache.org/jira/browse/LANG-380">LANG-380</a> - Chances are you'll know if you met this one. Fraction.reduce has an infinite loop if the numerator is 0. </li>
<li><a href="https://issues.apache.org/jira/browse/LANG-369">LANG-369</a>, <a href="https://issues.apache.org/jira/browse/LANG-367">LANG-367</a>, <a href="https://issues.apache.org/jira/browse/LANG-334">LANG-334</a> - Threading bugs - we improved how things work in concurrency situations for ExceptionUtils, FastDateFormat and Enum. </li>
<li><a href="https://issues.apache.org/jira/browse/LANG-346">LANG-346</a> - DateUtils.round was getting things wrong for minutes and seconds. </li>
<li><a href="https://issues.apache.org/jira/browse/LANG-328">LANG-328</a> - LocaleUtils.toLocale was broken if there was no country code defined. </li>
</ul>
</section>

<section name="So long, farewell...">
<p>Hopefully that was all of interest. Don't forget to download <a href="https://commons.apache.org/lang/download_lang.cgi">Lang 2.4</a>, or, for the Maven repository users, upgrade your &lt;version&gt; tag to 2.4. Please feel free to raise any questions you might have on the <a href="mail-lists.html">mailing lists</a>, and report bugs or enhancements in the <a href="issue-tracking.html">issue tracker</a>.</p>
</section>

</section>

</body>
</document>
